{
  "연도": 2024.0,
  "원자력": 66.21170401500001,
  "화석연료": 643.89451068,
  "LNG": 174.43121027666666,
  "신재생": 137.65373758333334,
  "기타": 408.7789424066668,
  "총합": 127.25463056333335
}