{
  "화석연료": 272.77524031888885,
  "수력": 210.10367475500001,
  "원자력": 66.21170401500001,
  "신재생": 137.65373758333334,
  "기타": 198.67526765166667
}